x-tokens,x-types ,y-types , s1/s1+s2,s1/sum(s),nxy,nyx,nii,nmi,ami, je,targets_control,age,direction,punctuation,lemmas,normalize_cols
76000,638,1733,0.9150506090451878,0.35617169400334386,0.5736851646492637,0.31573413872544376,,0.11058069662529235,0.08985695920760833,11.198071329982563,False,000091-001091days,r,keep,True,False
76000,666,2105,0.9135841576175622,0.29701808496621507,0.5553921949745891,0.3275153356929708,,0.1170924693324401,0.07978638601953333,11.839967052770186,False,001144-002144days,r,keep,True,False
49000,633,2041,0.6240270191846322,0.1058759887173267,0.4271278491454794,0.3246458844236305,,0.24822626643089005,0.2590616125351538,11.547052114067743,True,000091-001091days,r,keep,True,False
49000,644,2396,0.6031043845159446,0.1300966893454883,0.418410855576937,0.35086092034542565,,0.23072822407763732,0.2196449953588625,11.889402043592685,True,001144-002144days,r,keep,True,False
76000,638,1733,0.7820936788129232,0.10006904937941967,0.5736851646492637,0.31573413872544376,,0.11058069662529235,0.08985695920760833,11.198071329982563,False,000091-001091days,r,keep,True,True
76000,666,2105,0.7875483959682632,0.10267841521677572,0.5553921949745891,0.3275153356929708,,0.1170924693324401,0.07978638601953333,11.839967052770186,False,001144-002144days,r,keep,True,True
49000,633,2041,0.7430367935843701,0.05993508593385634,0.4271278491454794,0.3246458844236305,,0.24822626643089005,0.2590616125351538,11.547052114067743,True,000091-001091days,r,keep,True,True
49000,644,2396,0.7432454016818344,0.05460539961636896,0.418410855576937,0.35086092034542565,,0.23072822407763732,0.2196449953588625,11.889402043592685,True,001144-002144days,r,keep,True,True
