x-tokens,x-types ,y-types , s1/s1+s2,s1/sum(s),nxy,nyx,nii,nmi,ami, je,targets_control,age,direction,punctuation,lemmas,normalize_cols
76000,638,1733,0.9150506090451878,0.35617169400334386,0.5736851646492637,0.31573413872544376,,0.11058069662529235,0.08985695920760833,11.198071329982563,False,000091-001091days,r,keep,True,False
76000,666,2105,0.9135841576175622,0.29701808496621507,0.5553921949745891,0.3275153356929708,,0.1170924693324401,0.07978638601953333,11.839967052770186,False,001144-002144days,r,keep,True,False
102000,701,3087,0.6074579303901966,0.10981967839173382,0.4376882028287063,0.34232765752227945,,0.2199841396490144,0.24672765509275726,12.032540823537431,True,000091-001091days,r,keep,True,False
102000,679,3366,0.6100494680357299,0.14804261568077487,0.4286821237612785,0.36434036094756955,,0.2069775152911519,0.22665159326631037,12.102700455966437,True,001144-002144days,r,keep,True,False
76000,638,1733,0.7820936788129232,0.10006904937941967,0.5736851646492637,0.31573413872544376,,0.11058069662529235,0.08985695920760833,11.198071329982563,False,000091-001091days,r,keep,True,True
76000,666,2105,0.7875483959682632,0.10267841521677572,0.5553921949745891,0.3275153356929708,,0.1170924693324401,0.07978638601953333,11.839967052770186,False,001144-002144days,r,keep,True,True
102000,701,3087,0.7582615762088915,0.06178645304886756,0.4376882028287063,0.34232765752227945,,0.2199841396490144,0.24672765509275726,12.032540823537431,True,000091-001091days,r,keep,True,True
102000,679,3366,0.7526688226681454,0.060846063134478726,0.4286821237612785,0.36434036094756955,,0.2069775152911519,0.22665159326631037,12.102700455966437,True,001144-002144days,r,keep,True,True
