x-tokens,x-types ,y-types , s1/s1+s2,s1/sum(s),nxy,nyx,nii,nmi,ami, je,targets_control,age,direction,punctuation,lemmas
136000,1766,2589,0.8780498424113005,0.3609775838049944,0.5990198883970677,0.2819566179505565,,0.11902349365237588,0.1017268071373637,11.647640245613108,False,000091-001091days,r,keep,True
136000,1517,2879,0.8417873072465696,0.31729814993849725,0.586105836435576,0.2961050747664124,,0.11778908879801163,0.09054112685513124,12.046782355659438,False,001144-002144days,r,keep,True
78201,1428,2154,0.8200798513756845,0.27141252084549705,0.5578117161509966,0.2681828903353611,,0.17400539351364228,0.1616640665612839,11.256383915827671,True,000091-001091days,r,keep,True
136000,1662,4130,0.6740981321121421,0.15309096835863067,0.4821791967149493,0.31722519184300585,,0.20059561144204469,0.203733926017913,12.57795370362247,True,001144-002144days,r,keep,True
