x-tokens,x-types,y-types,s1/sum(s),frag,xy,yx,joint,mi,nmi,x,y,x/joint,y/joint,xy/joint,yx/joint,ii,ii/joint,je,targets_control,age,direction,punctuation,lemmas,normalize_cols,targets_name
81000,644,1947,0.192,0.808,5.659,3.516,11.19,2.016,0.364,7.674548394688476,5.531408757296313,0.686,0.494,0.506,0.314,,,11.19,False,000091-001091days,l,keep,False,False,sem-balanced
80758,644,2565,0.155,0.845,5.785,3.739,11.708,2.184,0.369,7.969071294270297,5.922432855941483,0.681,0.506,0.494,0.319,,,11.708,False,001144-002144days,l,keep,False,False,sem-balanced
81000,642,2818,0.165,0.835,4.695,3.825,11.523,3.003,0.44,7.697939624368259,6.828027691260004,0.668,0.593,0.407,0.332,,,11.523,True,000091-001091days,l,keep,False,False,sem-balanced
81000,619,3352,0.122,0.878,4.694,4.134,11.973,3.146,0.432,7.839388769380259,7.27947243065273,0.655,0.608,0.392,0.345,,,11.973,True,001144-002144days,l,keep,False,False,sem-balanced
