x-tokens,x-types,y-types,s1/sum(s),frag,xy,yx,joint,mi,nmi,x,y,x/joint,y/joint,xy/joint,yx/joint,ii,ii/joint,je,targets_control,age,direction,punctuation,lemmas,normalize_cols,targets_name
81000,652,1962,0.192,0.808,5.664,3.52,11.208,2.025,0.365,7.688486402020951,5.5442838666469045,0.686,0.495,0.505,0.314,,,11.208,False,000091-001091days,l,keep,False,False,sem-no_numbers_no_times
81000,680,2572,0.154,0.846,5.802,3.733,11.731,2.195,0.37,7.997325625084846,5.92888120422416,0.682,0.505,0.495,0.318,,,11.731,False,001144-002144days,l,keep,False,False,sem-no_numbers_no_times
81000,666,2797,0.164,0.836,4.7,3.792,11.518,3.027,0.444,7.726208967901977,6.8187159622628535,0.671,0.592,0.408,0.329,,,11.518,True,000091-001091days,l,keep,False,False,sem-no_numbers_no_times
81000,663,3340,0.121,0.879,4.715,4.1,11.988,3.174,0.436,7.8887632758495325,7.273213661894974,0.658,0.607,0.393,0.342,,,11.988,True,001144-002144days,l,keep,False,False,sem-no_numbers_no_times
