x-tokens,x-types,y-types,s1/sum(s),frag,xy,yx,joint,mi,nmi,x,y,x/joint,y/joint,xy/joint,yx/joint,ii,ii/joint,je,targets_control,age,direction,punctuation,lemmas,normalize_cols,targets_name
77677,653,4148,0.23,0.77,6.073,4.549,12.245,1.623,0.263,7.695793455076492,6.171568781713121,0.628,0.504,0.496,0.372,0.314,0.023,12.245,False,000091-001091days,b,keep,False,False,sem-no_numbers_no_times
77677,679,5298,0.18,0.82,6.189,4.832,12.828,1.807,0.272,7.995392039214032,6.638921352979172,0.623,0.518,0.482,0.377,0.464,0.033,12.828,False,001144-002144days,b,keep,False,False,sem-no_numbers_no_times
104394,688,7419,0.081,0.919,5.032,5.138,13.103,2.933,0.363,7.965014367347749,8.07114501674086,0.608,0.616,0.384,0.392,-0.156,-0.011,13.103,True,000091-001091days,b,keep,False,False,sem-no_numbers_no_times
104394,662,8147,0.115,0.885,4.906,5.42,13.182,2.856,0.345,7.761708598800045,8.276011182008798,0.589,0.628,0.372,0.411,0.029,0.002,13.182,True,001144-002144days,b,keep,False,False,sem-no_numbers_no_times
