x-tokens,x-types,y-types,s1/sum(s),frag,xy,yx,joint,mi,nmi,x,y,x/joint,y/joint,xy/joint,yx/joint,ii,ii/joint,je,targets_control,age,direction,punctuation,lemmas,normalize_cols,targets_name
77677,653,1998,0.215,0.785,5.777,3.498,11.194,1.918,0.354,7.695793455076492,5.416367377254385,0.688,0.484,0.516,0.312,,,11.194,False,000091-001091days,l,keep,False,False,sem-no_numbers_no_times
77677,679,2571,0.164,0.836,5.875,3.693,11.688,2.121,0.365,7.995392039214032,5.813704021144178,0.684,0.497,0.503,0.316,,,11.688,False,001144-002144days,l,keep,False,False,sem-no_numbers_no_times
104394,688,3494,0.095,0.905,4.902,4.099,12.064,3.063,0.428,7.965014367347749,7.16200965125933,0.66,0.594,0.406,0.34,,,12.064,True,000091-001091days,l,keep,False,False,sem-no_numbers_no_times
104394,662,3788,0.14,0.86,4.737,4.35,12.111,3.024,0.41,7.761708598800045,7.373975482274564,0.641,0.609,0.391,0.359,,,12.111,True,001144-002144days,l,keep,False,False,sem-no_numbers_no_times
