x-tokens,x-types ,y-types , s1/s1+s2,s1/sum(s),nxy,nyx,nii,nmi,ami, je,targets_control,age,direction,punctuation,lemmas
88000,675,1864,0.9092647743077447,0.36182009741469195,0.5739236417065582,0.3250691474828665,,0.10100721081057516,0.08861555763100583,11.482332994902704,False,000091-001091days,r,keep,True
88000,700,2216,0.8854352042026848,0.33175277902818895,0.5559210706479574,0.33213873141807354,,0.11194019793396925,0.08103498629430571,11.785113269163372,False,001144-002144days,r,keep,True
49000,655,2055,0.5245673163319308,0.10894251718252757,0.4262032710536286,0.3618751858349775,,0.21192154311139402,0.24681883169085572,12.01748874526724,True,000091-001091days,r,keep,True
49000,676,2337,0.5546136406410522,0.12044017632178737,0.417513695587122,0.37890871398830894,,0.20357759042456905,0.23944777374940573,11.97388732040797,True,001144-002144days,r,keep,True
