x-tokens,x-types,y-types,s1/sum(s),frag,xy,yx,joint,mi,nmi,x,y,x/joint,y/joint,xy/joint,yx/joint,ii,ii/joint,je,targets_control,age,direction,punctuation,lemmas,normalize_cols,targets_name
77677,649,1910,0.194,0.806,5.647,3.497,11.172,2.028,0.367,7.675391490146536,5.525254582063972,0.687,0.495,0.505,0.313,,,11.172,False,000091-001091days,l,keep,False,False,sem-no_numbers_no_times
77677,678,2517,0.153,0.847,5.792,3.721,11.717,2.204,0.372,7.996008699497042,5.925406403263507,0.682,0.506,0.494,0.318,,,11.717,False,001144-002144days,l,keep,False,False,sem-no_numbers_no_times
104394,685,3346,0.143,0.857,4.765,3.893,11.744,3.086,0.442,7.850861931542115,6.979516943879417,0.668,0.594,0.406,0.332,,,11.744,True,000091-001091days,l,keep,False,False,sem-no_numbers_no_times
104394,667,3760,0.115,0.885,4.67,4.121,12.0,3.209,0.438,7.8790602528764095,7.3302796025845485,0.657,0.611,0.389,0.343,,,12.0,True,001144-002144days,l,keep,False,False,sem-no_numbers_no_times
