x-tokens,x-types ,y-types , s1/s1+s2,s1/sum(s),nxy,nyx,nii,nmi,ami, je,targets_control,age,direction,punctuation,lemmas,normalize_cols
76000,650,1748,0.9149289373033693,0.3522192227775332,0.5732706871911895,0.31448096131792475,,0.11224835149088558,0.09138291379385283,11.21823651900913,False,000091-001091days,r,keep,True,False
76000,680,2118,0.9124445404195096,0.29475288287390267,0.5555803865707779,0.32677243533639094,,0.11764717809283097,0.0790871262018456,11.876513871814364,False,001144-002144days,r,keep,True,False
102000,712,3091,0.6111118337983346,0.10927349254211803,0.4394294722013356,0.3407996217980702,,0.21977090600059404,0.24535672153611118,12.054113438646294,True,000091-001091days,r,keep,True,False
102000,691,3369,0.6093139422770074,0.14714005299892705,0.43012041104595095,0.3628149129840562,,0.20706467596999284,0.2256476241690603,12.121238364931468,True,001144-002144days,r,keep,True,False
76000,650,1748,0.7826904667044184,0.09812327054610975,0.5732706871911895,0.31448096131792475,,0.11224835149088558,0.09138291379385283,11.21823651900913,False,000091-001091days,r,keep,True,True
76000,680,2118,0.7856032942944212,0.10142616290885692,0.5555803865707779,0.32677243533639094,,0.11764717809283097,0.0790871262018456,11.876513871814364,False,001144-002144days,r,keep,True,True
102000,712,3091,0.7623510181725845,0.06155850622382318,0.4394294722013356,0.3407996217980702,,0.21977090600059404,0.24535672153611118,12.054113438646294,True,000091-001091days,r,keep,True,True
102000,691,3369,0.7552599432706992,0.06095234213388925,0.43012041104595095,0.3628149129840562,,0.20706467596999284,0.2256476241690603,12.121238364931468,True,001144-002144days,r,keep,True,True
