x-tokens,x-types ,y-types , s1/s1+s2,s1/sum(s),nxy,nyx,nii,nmi,ami, je,targets_control,age,direction,punctuation,lemmas
88000,675,1862,0.941522807094537,0.4586584113137616,0.6097282967891832,0.28464158965290537,,0.10563011355791124,0.09264260682292308,10.833423756596458,False,000091-001091days,r,merge,True
88000,700,2214,0.914001265254057,0.4151774993852792,0.5834562658389497,0.3004947196396906,,0.11604901452135954,0.08440694944257819,11.251981821024929,False,001144-002144days,r,merge,True
49000,655,2053,0.5934412806282698,0.14314302621137123,0.43928801646996896,0.3441567167482256,,0.2165552667818054,0.2522396003286757,11.692820477296793,True,000091-001091days,r,merge,True
49000,676,2335,0.5612019756004042,0.1382024864213886,0.42801384963566663,0.36498923625970253,,0.20699691410463072,0.24345959907752213,11.711418922392872,True,001144-002144days,r,merge,True
88000,675,3149,0.7924148519551206,0.11605591691389472,0.43882758278337064,0.43684731925172193,,0.12432509796490755,0.09209259305518973,13.761420414154683,False,000091-001091days,r,remove,True
88000,700,3207,0.7891180364657978,0.13968249645957287,0.44663955984454484,0.4254845289938159,,0.12787591116163938,0.07662587123726307,13.69992819260462,False,001144-002144days,r,remove,True
49000,655,2568,0.6308286037955946,0.09861226350339321,0.37894566554757375,0.41126891868391835,,0.209785415768508,0.2279785803970727,13.025739621494028,True,000091-001091days,r,remove,True
49000,676,2639,0.6009377172199578,0.12022451057733045,0.3859005877011717,0.42146791596145433,,0.19263149633737392,0.21205955284756398,12.854735769322991,True,001144-002144days,r,remove,True
