x-tokens,x-types ,y-types , s1/s1+s2,s1/sum(s),nxy,nyx,nii,nmi,ami, je,targets_control,age,direction,punctuation,lemmas
88000,675,2271,0.9059997122159978,0.3617480761137313,0.5638982199478699,0.3294766234166522,,0.10662515663547802,0.08827269067308191,11.557808523580938,False,000091-001091days,r,keep,False
88000,699,2803,0.8894331345314825,0.33229740034118305,0.5443238564373065,0.33674038374075405,,0.11893575982193956,0.08038141979670402,11.866791032517241,False,001144-002144days,r,keep,False
49000,552,1855,0.7361872202316211,0.24083129424826483,0.5060080602310632,0.3268226980500796,,0.16716924171885728,0.15873445927839472,11.124760234811932,True,000091-001091days,r,keep,False
49000,666,2963,0.5177422215738142,0.11505558792852433,0.4020698479021301,0.38030248760281166,,0.2176276644950584,0.23936233732586804,12.18523195268801,True,001144-002144days,r,keep,False
