x-tokens,x-types,y-types,s1/sum(s),frag,xy,yx,joint,mi,nmi,x,y,x/joint,y/joint,xy/joint,yx/joint,ii,ii/joint,je,targets_control,age,direction,punctuation,lemmas,normalize_cols,targets_name
81000,652,1962,0.192,0.808,5.664,3.52,11.208,2.025,0.365,7.688486402020951,5.5442838666469045,0.686,0.495,0.505,0.314,,,11.208,False,000091-001091days,l,keep,False,False,sem-no_numbers_no_times
81000,680,2572,0.154,0.846,5.802,3.733,11.731,2.195,0.37,7.997325625084846,5.92888120422416,0.682,0.505,0.495,0.318,,,11.731,False,001144-002144days,l,keep,False,False,sem-no_numbers_no_times
81000,672,2868,0.149,0.851,4.662,3.788,11.58,3.13,0.452,7.791991631630684,6.917745215965602,0.673,0.597,0.403,0.327,,,11.58,True,000091-001091days,l,keep,False,False,sem-no_numbers_no_times
81000,661,3293,0.11,0.89,4.611,4.004,11.901,3.286,0.451,7.897171871526988,7.29003527717632,0.664,0.613,0.387,0.336,,,11.901,True,001144-002144days,l,keep,False,False,sem-no_numbers_no_times
